Aroma,Flavor,Aftertaste,Acidity,Body,Balance,Moisture Percentage,Altitude Clean,Category One Defects,Category Two Defects,Country Grouped,Processing Simple,Overall
8.58,8.5,8.42,8.58,8.25,8.42,11.8,1815.0,0,3,Colombia,Washed,8.58
8.5,8.5,7.92,8.0,7.92,8.25,10.5,1200.0,0,0,Taiwan,Washed,8.5
8.33,8.42,8.08,8.17,7.92,8.17,10.4,1300.0,0,2,Other,Washed,8.33
8.08,8.17,8.17,8.25,8.17,8.08,11.8,1900.0,0,0,Costa Rica,Washed,8.25
8.33,8.33,8.08,8.25,7.92,7.92,11.6,1975.0,0,2,Colombia,Honey,8.25
8.33,8.33,8.25,7.83,7.83,8.17,10.7,1668.0,0,2,Guatemala,Washed,8.25
8.33,8.17,8.08,8.0,7.83,8.25,9.1,1250.0,0,0,Taiwan,Washed,8.25
8.25,8.25,8.17,8.0,7.92,8.08,10.0,1200.0,0,1,Taiwan,Natural,8.08
8.08,8.08,8.25,8.08,7.92,8.0,10.8,1250.0,0,0,Taiwan,Washed,8.25
8.08,8.17,8.08,8.17,8.0,8.0,11.0,1550.0,0,0,"Tanzania, United Republic Of",Washed,8.0
8.08,8.25,8.0,8.08,7.92,7.92,11.8,2000.0,0,1,Ethiopia,Natural,8.0
8.08,8.0,8.0,7.75,8.25,8.17,11.5,2000.0,0,1,Guatemala,Natural,8.0
8.08,8.0,8.08,8.08,8.0,8.0,11.9,1250.0,0,0,Taiwan,Washed,8.0
7.67,8.17,8.0,8.33,8.0,8.0,11.6,1950.0,0,2,Ethiopia,Natural,8.0
8.08,8.0,8.08,7.92,8.08,8.0,10.6,1850.0,0,0,Colombia,Washed,8.0
8.17,8.08,8.0,7.92,8.0,7.92,10.2,1100.0,0,0,Taiwan,Natural,8.0
8.17,8.08,7.92,8.17,7.75,7.92,11.3,2000.0,0,2,Ethiopia,Washed,8.08
8.0,8.17,8.0,7.92,7.92,7.92,10.3,1300.0,0,0,Taiwan,Natural,8.17
8.08,8.17,7.75,7.92,7.83,8.0,11.0,1200.0,0,1,Taiwan,Natural,8.17
8.17,8.0,7.92,7.92,8.17,7.75,10.0,1585.0,0,0,"Tanzania, United Republic Of",Washed,7.92
8.0,7.92,8.08,7.92,7.75,8.0,11.6,1900.0,0,0,Guatemala,Natural,8.08
8.08,8.0,7.92,7.92,8.0,7.83,10.4,850.0,0,0,Taiwan,Natural,7.92
7.67,8.0,7.83,8.0,8.08,8.0,9.8,1600.0,0,5,Thailand,Natural,8.08
8.08,8.0,7.83,8.17,7.75,7.83,11.3,1350.0,0,2,Colombia,Other,8.0
7.83,8.0,7.92,8.0,8.0,7.92,10.6,1250.0,0,0,Taiwan,Washed,7.92
7.83,8.08,7.83,7.92,8.0,7.83,11.3,1250.0,2,3,Brazil,Natural,8.0
7.92,7.92,8.0,7.92,7.83,7.92,9.1,1300.0,0,2,Taiwan,Natural,8.0
8.17,8.08,7.92,8.0,7.58,7.83,10.6,1200.0,0,0,Taiwan,Natural,7.92
8.0,8.0,8.0,7.92,7.75,7.92,10.2,1060.0,0,0,Taiwan,Natural,7.92
8.0,7.92,8.0,7.83,7.67,8.0,9.3,600.0,0,0,United States (Hawaii),Washed,8.0
8.0,8.0,7.83,7.83,7.75,7.92,11.4,200.0,0,0,Taiwan,Washed,8.08
7.92,8.0,7.83,7.92,7.83,7.83,10.8,200.0,0,0,Taiwan,Washed,8.0
8.08,8.17,7.67,7.83,7.67,7.92,11.3,668.0,0,0,Taiwan,Washed,8.0
7.67,7.83,7.83,8.0,8.0,8.0,9.9,1950.0,0,3,Ethiopia,Washed,8.0
8.0,8.08,8.0,8.0,7.67,7.75,12.3,2250.0,0,4,Ethiopia,Natural,7.83
7.92,7.75,7.83,8.17,8.0,7.75,9.4,1700.0,0,1,Ethiopia,Washed,7.83
8.0,7.92,7.83,7.92,7.83,7.83,9.5,1200.0,0,0,Taiwan,Washed,7.92
8.25,8.08,7.83,7.75,7.67,7.75,11.3,650.0,0,0,Taiwan,Natural,7.92
8.17,7.75,7.83,7.58,7.92,8.0,9.2,1750.0,0,1,Other,Washed,8.0
7.75,7.92,7.75,8.0,7.83,7.92,10.3,850.0,0,0,Taiwan,Washed,8.0
8.0,7.92,7.83,7.92,7.75,7.75,10.0,400.0,0,0,Taiwan,Natural,7.92
8.0,8.08,7.67,7.75,7.92,7.83,10.5,1000.0,0,0,Taiwan,Washed,7.83
8.0,7.92,7.67,8.0,7.75,7.83,10.0,800.0,0,5,Taiwan,Washed,7.92
8.0,7.92,7.75,7.75,7.75,7.92,11.0,1905.0,0,1,Other,Washed,7.92
7.92,8.0,7.92,8.0,7.58,7.75,10.9,150.0,0,0,Taiwan,Other,7.83
8.17,8.08,7.83,7.67,7.67,7.75,10.1,800.0,0,0,Taiwan,Natural,7.83
7.67,8.08,7.67,8.0,7.92,7.83,9.9,1600.0,0,1,Guatemala,Washed,7.83
7.67,8.0,7.75,7.92,8.0,7.83,11.3,1300.0,0,4,Guatemala,Washed,7.83
7.83,7.92,7.75,8.0,7.75,7.75,11.7,1600.0,0,1,Guatemala,Washed,7.92
7.92,7.92,7.83,7.83,7.75,7.83,9.5,375.0,0,2,Taiwan,Washed,7.83
8.0,8.0,7.75,7.75,7.67,7.75,9.7,230.0,0,0,Taiwan,Natural,7.92
7.83,7.92,7.75,7.83,7.83,7.83,11.9,1200.0,0,2,Other,Other,7.83
8.0,8.0,7.83,7.83,7.58,7.83,10.7,1750.0,0,0,Other,Washed,7.75
7.92,7.75,7.75,7.92,7.83,7.83,11.2,1654.0,0,0,"Tanzania, United Republic Of",Washed,7.83
7.83,7.83,7.67,7.67,7.83,8.0,9.5,1300.0,0,0,Taiwan,Natural,8.0
7.67,7.92,7.92,7.83,7.75,7.83,10.4,1400.0,0,0,Taiwan,Washed,7.83
7.83,7.92,7.75,7.92,7.67,7.83,11.2,1100.0,0,5,Brazil,Natural,7.83
7.83,7.83,7.75,7.92,7.83,7.75,10.3,1200.0,0,5,Other,Washed,7.83
7.92,8.08,7.67,7.92,7.67,7.75,10.0,1200.0,0,0,Taiwan,Natural,7.75
7.67,8.0,7.67,7.83,7.92,7.67,10.6,1600.0,0,1,Guatemala,Washed,7.92
7.83,8.0,7.67,7.83,7.75,7.75,10.9,1300.0,0,2,Guatemala,Natural,7.83
7.58,7.83,7.5,7.67,7.83,7.67,10.0,1850.0,0,2,Costa Rica,Washed,8.58
7.83,7.83,7.75,7.75,7.75,7.75,9.6,250.0,0,0,Taiwan,Natural,7.92
8.17,7.83,7.67,7.83,7.67,7.67,11.5,700.0,0,0,Taiwan,Natural,7.75
7.92,7.75,7.67,7.67,7.83,7.75,9.9,1350.0,1,2,Nicaragua,Natural,8.0
8.08,7.83,7.67,7.67,7.67,7.75,11.2,1250.0,0,2,Taiwan,Washed,7.92
7.83,8.0,7.67,7.75,7.67,7.75,10.3,1450.0,0,0,Taiwan,Natural,7.92
8.0,7.83,7.75,7.67,7.58,7.83,11.6,650.0,0,0,Other,Natural,7.92
7.75,7.83,7.67,7.83,7.75,7.75,11.7,1900.0,0,0,Costa Rica,Washed,7.92
7.75,7.92,7.83,7.75,7.75,7.75,11.3,520.0,0,0,Taiwan,Natural,7.75
7.83,7.92,7.75,7.75,7.75,7.75,9.8,1368.0,0,3,Honduras,Washed,7.75
7.92,7.83,7.75,7.92,7.58,7.67,10.9,1943.0,0,9,Ethiopia,Washed,7.83
8.08,7.92,7.75,7.83,7.5,7.58,10.2,400.0,0,0,Taiwan,Natural,7.83
7.83,8.0,7.5,7.75,7.75,7.75,10.1,850.0,0,1,Taiwan,Washed,7.83
7.67,7.83,7.75,7.75,7.83,7.75,9.2,1350.0,0,5,Guatemala,Washed,7.75
7.92,7.83,7.75,7.92,7.5,7.67,10.1,1300.0,3,7,United States (Hawaii),Washed,7.75
7.83,7.75,7.58,7.92,8.0,7.5,11.0,2361.0,0,4,Ethiopia,Natural,7.75
7.83,7.83,7.83,7.83,7.67,7.67,10.3,1500.0,0,4,El Salvador,Natural,7.67
7.75,7.75,7.75,7.75,7.83,7.67,11.6,2100.0,0,1,Colombia,Washed,7.83
7.67,7.67,7.83,7.83,7.67,7.75,11.5,1300.0,0,1,Other,Washed,7.83
7.58,7.92,7.67,7.75,7.83,7.75,10.0,1600.0,0,1,Guatemala,Washed,7.75
7.92,7.92,7.58,7.75,7.58,7.67,12.1,1500.0,0,0,Other,Washed,7.83
7.75,7.75,7.58,7.83,7.75,7.75,10.2,1368.0,0,2,Honduras,Washed,7.75
7.58,7.92,7.58,7.83,7.75,7.67,11.0,1600.0,0,2,Guatemala,Washed,7.75
7.83,7.92,7.83,7.58,7.58,7.67,10.8,150.0,0,2,Taiwan,Natural,7.67
7.92,7.75,7.67,7.75,7.75,8.0,10.6,800.0,0,0,Taiwan,Natural,7.92
7.67,7.83,7.67,7.83,7.75,7.67,11.0,1550.0,0,2,Guatemala,Washed,7.67
7.67,7.92,7.67,7.75,7.67,7.58,11.0,1550.0,0,2,Guatemala,Washed,7.75
7.75,7.75,7.75,7.67,7.75,7.67,9.4,1800.0,0,0,Honduras,Natural,7.67
7.58,7.67,7.75,7.75,7.75,7.75,9.8,1675.0,0,3,"Tanzania, United Republic Of",Washed,7.75
8.0,7.75,7.5,7.67,7.67,7.67,11.3,1800.0,1,1,Ethiopia,Washed,7.75
7.75,7.58,7.58,7.92,7.67,7.75,11.6,1550.0,0,2,"Tanzania, United Republic Of",Washed,7.75
7.67,7.83,7.58,7.92,7.67,7.67,13.3,1550.0,0,3,Colombia,Washed,7.67
7.67,7.92,7.58,7.75,7.67,7.58,9.5,1850.0,0,2,Costa Rica,Washed,7.75
7.83,7.83,7.58,7.67,7.67,7.58,11.9,1900.0,0,0,Guatemala,Natural,7.75
7.58,7.83,7.58,7.75,7.67,7.75,10.0,1600.0,0,2,Guatemala,Washed,7.75
7.75,7.67,7.58,7.75,7.75,7.67,11.6,1350.0,0,3,Thailand,Natural,7.75
7.67,7.75,7.67,7.75,7.67,7.67,11.9,1411.0,0,1,Colombia,Washed,7.67
7.58,7.83,7.67,7.67,7.67,7.67,10.8,1400.0,0,4,Guatemala,Natural,7.75
7.58,7.92,7.5,7.67,7.75,7.67,10.9,1300.0,0,4,Guatemala,Washed,7.75
7.83,7.67,7.5,7.92,7.5,7.67,12.0,2000.0,0,12,Ethiopia,Washed,7.75
7.92,7.75,7.42,7.58,7.92,7.67,12.1,1700.0,2,5,Colombia,Washed,7.58
7.67,7.92,7.58,7.58,7.58,7.75,11.8,500.0,0,3,United States (Hawaii),Washed,7.75
7.67,7.92,7.67,7.58,7.67,7.67,10.6,1800.0,0,1,Colombia,Natural,7.58
7.67,7.67,7.58,7.67,7.83,7.58,11.7,1200.0,4,12,Other,Washed,7.75
7.83,7.75,7.5,7.58,7.67,7.67,12.4,1300.0,1,9,Colombia,Other,7.67
7.67,7.67,7.75,7.75,7.5,7.67,10.0,1250.0,0,0,Taiwan,Washed,7.67
7.83,7.83,7.67,7.58,7.58,7.58,10.2,1400.0,0,1,Other,Natural,7.58
7.58,7.75,7.67,7.83,7.5,7.67,9.2,300.0,0,0,Taiwan,Natural,7.67
7.67,7.67,7.58,7.75,7.67,7.67,11.1,1470.0,0,1,Honduras,Natural,7.67
7.58,7.67,7.5,7.75,7.75,7.67,8.4,325.0,0,0,Taiwan,Natural,7.67
7.58,7.75,7.58,7.75,7.58,7.67,9.1,275.0,0,0,Taiwan,Natural,7.67
7.58,7.83,7.58,7.67,7.58,7.58,10.9,1600.0,0,4,Guatemala,Washed,7.75
7.75,7.67,7.58,7.58,7.58,7.67,11.2,1400.0,0,5,Honduras,Washed,7.67
7.75,7.75,7.5,7.58,7.83,7.5,12.2,1700.0,0,2,Colombia,Washed,7.58
7.42,7.83,7.58,7.67,7.67,7.75,13.1,1390.0,0,0,Thailand,Washed,7.58
7.42,7.42,7.42,8.0,7.92,7.67,10.4,1700.0,0,11,Ethiopia,Washed,7.67
7.67,7.67,7.5,7.67,7.58,7.67,11.6,1450.0,0,0,Thailand,Washed,7.67
7.75,7.75,7.5,7.5,7.58,7.58,10.1,1650.0,0,3,Other,Washed,7.75
7.75,7.92,7.67,7.92,7.75,7.83,10.1,1100.0,0,0,Taiwan,Washed,7.92
7.75,7.67,7.58,7.5,7.67,7.5,11.1,1905.0,0,5,Other,Washed,7.67
7.58,7.67,7.5,7.75,7.5,7.58,9.7,250.0,0,0,Taiwan,Natural,7.75
7.5,7.75,7.58,7.75,7.67,7.58,11.4,1302.5,0,0,Guatemala,Washed,7.5
7.58,7.67,7.58,7.75,7.42,7.58,9.6,300.0,0,1,Taiwan,Washed,7.75
7.67,7.67,7.42,7.75,7.5,7.75,13.5,1100.0,0,0,Colombia,Washed,7.58
7.58,7.75,7.42,7.67,7.5,7.75,10.850000000000001,1850.0,0,3,Costa Rica,Washed,7.67
7.75,7.83,7.58,7.58,7.58,7.5,10.7,750.0,0,1,Taiwan,Washed,7.5
7.92,7.92,7.75,7.33,7.58,7.5,12.3,1400.0,0,16,Thailand,Washed,7.33
7.92,7.67,7.42,7.5,7.67,7.58,10.4,1550.0,0,8,"Tanzania, United Republic Of",Washed,7.5
7.58,7.5,7.5,7.83,7.67,7.5,11.6,950.0,0,4,Brazil,Natural,7.67
7.75,7.75,7.58,7.67,7.42,7.5,9.6,1150.0,0,1,Taiwan,Washed,7.58
7.67,7.67,7.58,7.67,7.58,7.58,10.9,1390.0,0,2,Colombia,Other,7.5
7.67,7.75,7.67,7.58,7.5,7.58,10.5,1600.0,0,3,Honduras,Washed,7.5
7.75,7.58,7.58,7.58,7.5,7.58,11.3,1400.0,0,5,Honduras,Washed,7.67
7.75,7.75,7.5,7.75,7.5,7.42,9.7,250.0,0,2,Taiwan,Natural,7.5
7.67,7.67,7.5,7.58,7.58,7.5,11.8,340.0,0,0,Taiwan,Washed,7.67
7.67,7.75,7.33,7.67,7.58,7.5,11.8,1250.0,0,7,Other,Natural,7.58
7.67,7.67,7.5,7.58,7.58,7.5,10.6,1368.0,0,7,Honduras,Washed,7.58
7.75,7.58,7.58,7.58,7.58,7.5,9.6,1450.0,0,2,Honduras,Washed,7.5
8.0,7.67,7.42,7.58,7.58,7.42,13.1,1650.0,0,1,Colombia,Washed,7.33
7.5,7.67,7.58,7.58,7.5,7.5,8.9,275.0,0,0,Taiwan,Natural,7.58
7.75,7.5,7.42,7.67,7.58,7.5,11.9,1350.0,2,1,Other,Washed,7.5
7.58,7.5,7.5,7.67,7.58,7.5,11.5,1350.0,0,3,Colombia,Washed,7.58
7.67,7.5,7.42,7.75,7.42,7.58,10.2,1200.0,0,0,Taiwan,Other,7.58
7.67,7.58,7.5,7.5,7.58,7.5,10.0,1280.0,0,4,Honduras,Washed,7.5
7.17,7.92,7.58,7.5,7.58,7.67,11.8,1400.0,0,5,Thailand,Washed,7.42
7.58,7.42,7.58,7.5,7.67,7.75,13.3,900.0,0,4,Other,Natural,7.33
7.33,7.58,7.25,7.33,7.75,8.17,10.5,1200.0,5,1,Nicaragua,Natural,7.33
7.33,7.5,7.25,7.92,7.75,7.58,11.8,1450.0,0,1,Costa Rica,Natural,7.42
7.58,7.67,7.58,7.5,7.33,7.5,11.8,1700.0,0,2,Colombia,Washed,7.5
7.33,7.58,7.58,7.5,7.67,7.67,13.0,1390.0,1,0,Thailand,Washed,7.33
7.5,7.58,7.5,7.42,7.5,7.58,11.2,1200.0,0,0,Thailand,Natural,7.58
7.67,7.58,7.33,7.5,7.58,7.5,9.6,1450.0,0,2,Honduras,Washed,7.5
7.67,7.67,7.42,7.42,7.42,7.5,9.8,165.0,0,0,Taiwan,Natural,7.5
7.67,7.58,7.42,7.42,7.5,7.5,8.4,465.0,0,2,Taiwan,Washed,7.5
7.5,7.58,7.42,7.58,7.5,7.58,10.1,1350.0,0,0,Nicaragua,Washed,7.42
7.67,7.33,7.17,7.67,7.83,7.5,11.3,1200.0,0,2,El Salvador,Washed,7.33
7.75,7.67,7.17,7.67,7.42,7.42,10.0,1200.0,0,0,Other,Washed,7.42
7.5,7.58,7.5,7.5,7.67,7.42,11.8,1100.0,0,1,Brazil,Natural,7.33
7.33,7.58,7.5,7.5,7.5,7.58,11.7,640.0,0,1,United States (Hawaii),Washed,7.5
7.67,7.42,7.5,7.5,7.67,7.42,10.7,1340.0,0,0,Other,Washed,7.33
7.58,7.58,7.33,7.5,7.58,7.42,10.6,1368.0,0,8,Honduras,Washed,7.5
7.42,7.42,7.58,7.42,7.58,7.5,8.4,139.0,0,2,Taiwan,Washed,7.58
7.58,7.58,7.42,7.42,7.5,7.5,11.4,1275.0,0,0,Nicaragua,Washed,7.42
7.5,7.5,7.33,7.5,7.5,7.42,10.5,1040.0,0,0,Other,Washed,7.58
7.5,7.5,7.42,7.42,7.42,7.67,12.0,1200.0,0,10,El Salvador,Washed,7.42
7.33,7.67,7.25,7.67,7.83,7.42,11.8,1200.0,0,0,El Salvador,Washed,7.17
7.67,7.58,7.42,7.5,7.33,7.42,10.8,140.0,0,1,Taiwan,Natural,7.42
7.67,7.5,7.33,7.58,7.33,7.42,11.7,1600.0,0,3,Other,Washed,7.42
7.75,7.42,7.33,7.5,7.33,7.5,10.6,1200.0,1,5,United States (Hawaii),Washed,7.33
7.5,7.5,7.42,7.5,7.25,7.5,11.2,1725.0,0,2,Other,Washed,7.5
7.67,7.5,7.25,7.5,7.5,7.33,10.6,1368.0,0,8,Honduras,Washed,7.42
7.5,7.67,7.33,7.5,7.25,7.33,9.7,600.0,0,0,Taiwan,Washed,7.5
7.33,7.42,7.42,7.5,7.42,7.5,8.1,460.0,0,3,Taiwan,Natural,7.5
7.5,7.58,7.42,7.42,7.25,7.42,8.2,500.0,0,1,Taiwan,Washed,7.42
7.17,7.5,7.42,7.42,7.58,7.5,9.8,1000.0,0,0,Thailand,Washed,7.42
7.42,7.42,7.42,7.33,7.58,7.33,10.5,1500.0,1,8,Costa Rica,Washed,7.5
7.42,7.42,7.42,7.33,7.5,7.42,11.5,1450.0,0,2,Guatemala,Washed,7.5
7.67,7.33,7.25,7.67,7.42,7.25,12.5,1350.0,0,0,Other,Natural,7.42
7.5,7.5,7.33,7.5,7.33,7.33,11.6,1600.0,0,2,Other,Washed,7.42
7.33,7.42,7.33,7.42,7.58,7.42,10.3,1400.0,0,1,Guatemala,Washed,7.42
7.25,7.42,7.42,7.5,7.42,7.42,11.3,300.0,0,0,Taiwan,Natural,7.42
7.5,7.5,7.25,7.42,7.42,7.42,11.2,1300.0,0,4,Other,Natural,7.33
7.5,7.5,7.42,7.33,7.33,7.33,11.3,1000.0,0,2,Brazil,Natural,7.42
7.42,7.5,7.58,7.33,7.33,7.25,11.1,950.0,0,0,Brazil,Natural,7.33
7.33,7.5,7.33,7.42,7.42,7.42,11.2,1574.0,0,0,Colombia,Washed,7.33
7.58,7.42,7.25,7.25,7.5,7.33,11.8,1200.0,2,2,Other,Washed,7.33
7.33,7.42,7.25,7.42,7.42,7.33,9.7,1200.0,0,4,Costa Rica,Washed,7.42
7.42,7.5,7.33,7.33,7.33,7.33,9.0,300.0,0,0,Taiwan,Natural,7.33
7.33,7.5,7.42,7.33,7.33,7.25,8.5,435.0,0,0,Taiwan,Natural,7.33
7.33,7.42,7.25,7.33,7.5,7.42,11.6,1400.0,2,1,Thailand,Washed,7.17
7.42,7.25,7.33,7.42,7.33,7.33,10.5,1400.0,0,5,Thailand,Natural,7.25
7.25,7.25,7.42,7.25,7.42,7.42,10.4,700.0,0,0,Thailand,Washed,7.17
7.42,7.25,7.25,7.42,7.17,7.33,11.4,1550.0,0,2,Colombia,Washed,7.33
7.42,7.42,7.25,7.25,7.17,7.25,10.6,1200.0,0,1,Brazil,Natural,7.25
7.42,7.33,7.33,7.5,7.08,7.0,10.5,1400.0,0,7,El Salvador,Natural,7.17
7.25,7.25,7.17,7.33,7.08,7.25,11.5,1100.0,0,3,Nicaragua,Washed,7.17
7.42,7.17,7.0,7.08,7.42,7.17,11.2,1000.0,0,5,Nicaragua,Washed,7.17
7.25,7.25,7.17,7.33,7.0,7.17,11.0,1600.0,0,3,Colombia,Washed,7.25
7.5,7.25,7.17,7.17,7.17,7.08,11.8,1600.0,0,11,Other,Washed,7.0
7.08,7.25,7.08,7.42,7.42,7.08,11.5,1300.0,0,7,El Salvador,Natural,7.0
7.25,7.17,7.17,7.08,7.17,7.17,11.6,1200.0,0,2,Brazil,Natural,7.17
7.17,7.17,6.92,7.17,7.42,7.17,11.4,950.0,0,4,Brazil,Natural,7.08
7.33,7.08,6.75,7.17,7.42,7.17,10.4,1200.0,0,12,Nicaragua,Natural,7.08
7.25,7.17,7.08,7.0,7.08,7.08,11.6,1300.0,0,11,Other,Washed,7.0
6.5,6.75,6.75,7.17,7.08,7.0,11.0,1200.0,0,13,El Salvador,Natural,6.83
7.25,7.08,6.67,6.83,6.83,6.67,11.3,975.0,0,1,Brazil,Washed,6.67
